{"Claasification Loss": 0.3061203956604004, "Regression Loss": 0.16780894994735718, "Running Loss": 0.47392913699150085, "_timestamp": 1672818543.1376, "_runtime": 783.1033270359039, "_step": 857, "Epoch": 1, "_wandb": {"runtime": 867}}