{"Claasification Loss": 0.30233487486839294, "Regression Loss": 0.16482901573181152, "Running Loss": 0.4671640396118164, "_timestamp": 1672815722.5421505, "_runtime": 773.6320884227753, "_step": 857, "Epoch": 1, "_wandb": {"runtime": 773}}