{"Claasification Loss": 0.3002462387084961, "Regression Loss": 0.16357560455799103, "Running Loss": 0.46382203698158264, "_timestamp": 1672816680.4897878, "_runtime": 772.3516707420349, "_step": 857, "Epoch": 1, "_wandb": {"runtime": 820}}