{"Claasification Loss": 0.14761793613433838, "Regression Loss": 0.03691207244992256, "Running Loss": 0.18453000485897064, "_timestamp": 1672812480.0662053, "_runtime": 776.7219512462616, "_step": 856, "_wandb": {"runtime": 776}}