{"Claasification Loss": 0.6577646136283875, "Regression Loss": 0.6216586828231812, "Running Loss": 1.2794232368469238, "_timestamp": 1672814935.5030699, "_runtime": 76.82843399047852, "_step": 71, "_wandb": {"runtime": 77}}