{"Claasification Loss": 0.2975018620491028, "Regression Loss": 0.16195489466190338, "Running Loss": 0.4594569802284241, "_timestamp": 1672814176.9881043, "_runtime": 779.4685733318329, "_step": 857, "Epoch": 1, "_wandb": {"runtime": 1392}}