{"Claasification Loss": 0.2954769432544708, "Regression Loss": 0.16253544390201569, "Running Loss": 0.45801272988319397, "_timestamp": 1672817511.5308788, "_runtime": 770.5173418521881, "_step": 857, "Epoch": 1, "_wandb": {"runtime": 998}}